1871-01,4.44
1871-02,4.52
1871-03,4.65
1871-04,4.81
1871-05,4.95
1871-06,4.93
1871-07,4.86
1871-08,4.95
1871-09,5.02
1871-1,4.78
1871-11,4.86
1871-12,4.99
1872-01,5.13
1872-02,5.18
1872-03,5.37
1872-04,5.55
1872-05,5.57
1872-06,5.54
1872-07,5.54
1872-08,5.50
1872-09,5.42
1872-1,5.47
1872-11,5.48
1872-12,5.64
1873-01,5.71
1873-02,5.78
1873-03,5.77
1873-04,5.72
1873-05,5.76
1873-06,5.71
1873-07,5.73
1873-08,5.76
1873-09,5.35
1873-1,4.92
1873-11,4.77
1873-12,5.25
1874-01,5.57
1874-02,5.77
1874-03,5.72
1874-04,5.60
1874-05,5.48
1874-06,5.49
1874-07,5.53
1874-08,5.57
1874-09,5.69
1874-1,5.72
1874-11,5.80
1874-12,5.80
1875-01,5.83
1875-02,5.86
1875-03,5.97
1875-04,6.08
1875-05,5.88
1875-06,5.80
1875-07,5.84
1875-08,5.90
1875-09,5.88
1875-1,5.82
1875-11,5.95
1875-12,5.99
1876-01,6.15
1876-02,6.26
1876-03,6.28
1876-04,6.08
1876-05,5.89
1876-06,5.89
1876-07,5.85
1876-08,5.64
1876-09,5.33
1876-1,5.34
1876-11,5.28
1876-12,5.28
1877-01,5.27
1877-02,5.00
1877-03,4.78
1877-04,4.46
1877-05,4.50
1877-06,4.21
1877-07,4.42
1877-08,4.76
1877-09,5.09
1877-1,5.22
1877-11,5.17
1877-12,5.18
1878-01,5.20
1878-02,5.12
1878-03,5.24
1878-04,5.41
1878-05,5.45
1878-06,5.59
1878-07,5.73
1878-08,5.71
1878-09,5.85
1878-1,5.81
1878-11,5.81
1878-12,5.81
1879-01,6.05
1879-02,6.30
1879-03,6.22
1879-04,6.45
1879-05,6.77
1879-06,6.83
1879-07,7.00
1879-08,7.08
1879-09,7.36
1879-1,8.20
1879-11,8.66
1879-12,8.67
1880-01,9.04
1880-02,9.23
1880-03,9.44
1880-04,9.26
1880-05,8.56
1880-06,8.63
1880-07,9.06
1880-08,9.42
1880-09,9.44
1880-1,9.75
1880-11,10.30
1880-12,10.77
1881-01,11.45
1881-02,11.46
1881-03,11.63
1881-04,11.64
1881-05,12.20
1881-06,12.40
1881-07,12.01
1881-08,11.78
1881-09,11.92
1881-1,11.78
1881-11,11.90
1881-12,11.61
1882-01,11.49
1882-02,11.29
1882-03,11.32
1882-04,11.37
1882-05,11.29
1882-06,11.28
1882-07,11.97
1882-08,12.38
1882-09,12.55
1882-1,12.27
1882-11,11.79
1882-12,11.91
1883-01,11.90
1883-02,11.69
1883-03,11.89
1883-04,12.19
1883-05,12.04
1883-06,12.20
1883-07,12.07
1883-08,11.58
1883-09,11.77
1883-1,11.50
1883-11,11.73
1883-12,11.54
1884-01,11.25
1884-02,11.61
1884-03,11.63
1884-04,11.16
1884-05,10.32
1884-06,9.95
1884-07,10.01
1884-08,10.70
1884-09,10.42
1884-1,10.14
1884-11,9.99
1884-12,10.03
1885-01,9.86
1885-02,10.22
1885-03,10.30
1885-04,10.33
1885-05,10.27
1885-06,10.27
1885-07,10.71
1885-08,11.36
1885-09,11.27
1885-1,11.98
1885-11,12.80
1885-12,12.76
1886-01,12.80
1886-02,13.10
1886-03,12.88
1886-04,12.75
1886-05,12.55
1886-06,13.17
1886-07,13.42
1886-08,13.57
1886-09,13.97
1886-1,14.37
1886-11,14.77
1886-12,14.44
1887-01,14.33
1887-02,14.28
1887-03,14.66
1887-04,15.05
1887-05,15.36
1887-06,14.97
1887-07,14.65
1887-08,14.34
1887-09,14.21
1887-1,13.78
1887-11,14.10
1887-12,14.08
1888-01,14.24
1888-02,14.22
1888-03,13.73
1888-04,13.84
1888-05,14.09
1888-06,13.71
1888-07,14.12
1888-08,14.47
1888-09,14.88
1888-1,14.85
1888-11,14.60
1888-12,14.38
1889-01,14.71
1889-02,14.93
1889-03,14.68
1889-04,14.70
1889-05,15.15
1889-06,15.46
1889-07,15.20
1889-08,15.46
1889-09,15.88
1889-1,15.65
1889-11,15.56
1889-12,15.52
1890-01,15.75
1890-02,15.63
1890-03,15.56
1890-04,15.94
1890-05,16.68
1890-06,16.61
1890-07,16.55
1890-08,16.22
1890-09,16.00
1890-1,15.33
1890-11,14.27
1890-12,13.99
1891-01,14.78
1891-02,15.02
1891-03,14.80
1891-04,15.35
1891-05,15.34
1891-06,15.09
1891-07,14.90
1891-08,15.46
1891-09,16.77
1891-1,16.82
1891-11,16.63
1891-12,17.19
1892-01,17.57
1892-02,17.66
1892-03,17.91
1892-04,17.94
1892-05,18.00
1892-06,17.97
1892-07,18.03
1892-08,18.36
1892-09,17.96
1892-1,18.39
1892-11,18.39
1892-12,18.26
1893-01,18.65
1893-02,18.39
1893-03,17.79
1893-04,17.86
1893-05,16.34
1893-06,15.64
1893-07,14.25
1893-08,13.98
1893-09,15.04
1893-1,15.56
1893-11,15.87
1893-12,15.39
1894-01,15.15
1894-02,15.43
1894-03,15.96
1894-04,16.24
1894-05,15.70
1894-06,15.56
1894-07,15.30
1894-08,15.95
1894-09,16.27
1894-1,15.82
1894-11,15.89
1894-12,15.81
1895-01,15.69
1895-02,15.53
1895-03,15.59
1895-04,16.32
1895-05,17.28
1895-06,17.68
1895-07,17.82
1895-08,18.15
1895-09,18.32
1895-1,18.12
1895-11,17.57
1895-12,16.59
1896-01,16.46
1896-02,17.22
1896-03,17.01
1896-04,17.22
1896-05,17.21
1896-06,16.95
1896-07,15.91
1896-08,15.07
1896-09,15.92
1896-1,16.34
1896-11,17.51
1896-12,16.93
1897-01,16.99
1897-02,16.89
1897-03,16.99
1897-04,16.53
1897-05,16.67
1897-06,17.51
1897-07,18.35
1897-08,19.60
1897-09,20.61
1897-1,20.01
1897-11,19.37
1897-12,19.85
1898-01,20.45
1898-02,20.48
1898-03,19.62
1898-04,19.34
1898-05,20.68
1898-06,21.56
1898-07,21.71
1898-08,22.59
1898-09,22.62
1898-1,22.21
1898-11,23.02
1898-12,24.52
1899-01,26.46
1899-02,27.53
1899-03,28.00
1899-04,28.42
1899-05,27.31
1899-06,26.77
1899-07,27.77
1899-08,28.56
1899-09,28.32
1899-1,28.27
1899-11,28.88
1899-12,26.99
1900-01,27.43
1900-02,28.01
1900-03,28.32
1900-04,28.77
1900-05,27.51
1900-06,26.78
1900-07,26.88
1900-08,27.35
1900-09,26.82
1900-1,27.90
1900-11,30.19
1900-12,32.12
1901-01,33.18
1901-02,34.14
1901-03,35.49
1901-04,38.58
1901-05,36.76
1901-06,40.55
1901-07,37.95
1901-08,38.60
1901-09,38.54
1901-1,38.23
1901-11,39.18
1901-12,38.68
1902-01,39.64
1902-02,40.11
1902-03,40.29
1902-04,41.80
1902-05,41.83
1902-06,41.72
1902-07,42.80
1902-08,44.08
1902-09,44.31
1902-1,43.05
1902-11,41.53
1902-12,40.71
1903-01,42.92
1903-02,42.81
1903-03,41.27
1903-04,39.73
1903-05,39.10
1903-06,37.09
1903-07,35.53
1903-08,34.54
1903-09,33.85
1903-1,32.91
1903-11,33.16
1903-12,34.85
1904-01,35.59
1904-02,34.78
1904-03,34.82
1904-04,35.84
1904-05,35.23
1904-06,35.43
1904-07,37.05
1904-08,38.46
1904-09,40.30
1904-1,42.81
1904-11,45.28
1904-12,45.87
1905-01,47.01
1905-02,49.22
1905-03,50.76
1905-04,50.30
1905-05,47.97
1905-06,48.68
1905-07,50.36
1905-08,52.39
1905-09,52.72
1905-1,53.61
1905-11,53.48
1905-12,54.96
1906-01,57.03
1906-02,56.79
1906-03,55.56
1906-04,54.98
1906-05,53.70
1906-06,54.58
1906-07,53.35
1906-08,57.48
1906-09,59.44
1906-1,57.85
1906-11,59.24
1906-12,58.90
1907-01,57.43
1907-02,55.83
1907-03,50.55
1907-04,51.00
1907-05,49.45
1907-06,48.07
1907-07,50.13
1907-08,46.59
1907-09,46.32
1907-1,41.51
1907-11,39.30
1907-12,41.54
1908-01,43.54
1908-02,42.18
1908-03,44.13
1908-04,46.74
1908-05,49.48
1908-06,49.78
1908-07,51.83
1908-08,54.28
1908-09,53.91
1908-1,54.79
1908-11,58.73
1908-12,60.28
1909-01,60.70
1909-02,59.19
1909-03,60.22
1909-04,63.16
1909-05,65.49
1909-06,66.89
1909-07,68.08
1909-08,69.97
1909-09,70.29
1909-1,70.81
1909-11,70.72
1909-12,71.81
1910-01,70.53
1910-02,68.27
1910-03,70.22
1910-04,68.79
1910-05,67.92
1910-06,64.93
1910-07,61.92
1910-08,63.69
1910-09,64.40
1910-1,67.65
1910-11,67.86
1910-12,66.25
1911-01,68.15
1911-02,69.61
1911-03,69.09
1911-04,69.08
1911-05,70.86
1911-06,72.57
1911-07,72.57
1911-08,69.40
1911-09,65.91
1911-1,66.59
1911-11,69.56
1911-12,70.17
1912-01,70.54
1912-02,70.23
1912-03,72.56
1912-04,75.13
1912-05,75.36
1912-06,75.67
1912-07,76.06
1912-08,78.12
1912-09,78.84
1912-1,78.99
1912-11,78.43
1912-12,75.93
1913-01,75.61
1913-02,73.25
1913-03,72.19
1913-04,72.44
1913-05,70.79
1913-06,67.56
1913-07,68.81
1913-08,70.98
1913-09,71.99
1913-1,70.05
1913-11,68.61
1913-12,68.86
1914-01,72.03
1914-02,73.31
1914-03,72.26
1914-04,70.86
1914-05,71.63
1914-06,71.60
1914-07,67.97
1914-08,68.29
1914-09,68.61
1914-1,68.93
1914-11,69.25
1914-12,66.59
1915-01,68.09
1915-02,67.50
1915-03,69.56
1915-04,75.12
1915-05,73.69
1915-06,74.85
1915-07,74.90
1915-08,78.42
1915-09,81.66
1915-1,86.53
1915-11,89.89
1915-12,90.42
1916-01,89.34
1916-02,88.46
1916-03,88.54
1916-04,87.96
1916-05,90.29
1916-06,91.57
1916-07,90.71
1916-08,91.82
1916-09,96.00
1916-1,99.42
1916-11,102.17
1916-12,98.53
1917-01,96.70
1917-02,91.73
1917-03,95.08
1917-04,94.16
1917-05,91.51
1917-06,93.90
1917-07,91.86
1917-08,89.70
1917-09,85.97
1917-1,81.90
1917-11,75.68
1917-12,73.72
1918-01,78.77
1918-02,81.79
1918-03,80.74
1918-04,80.57
1918-05,83.73
1918-06,84.44
1918-07,85.70
1918-08,87.08
1918-09,87.20
1918-1,91.46
1918-11,94.35
1918-12,93.04
1919-01,93.00
1919-02,93.92
1919-03,97.33
1919-04,101.13
1919-05,108.67
1919-06,112.13
1919-07,116.34
1919-08,109.07
1919-09,111.34
1919-1,117.58
1919-11,114.65
1919-12,111.84
1920-01,111.26
1920-02,102.61
1920-03,110.39
1920-04,110.05
1920-05,103.70
1920-06,102.46
1920-07,102.89
1920-08,99.41
1920-09,103.51
1920-1,104.20
1920-11,99.48
1920-12,91.13
1921-01,95.71
1921-02,95.60
1921-03,93.72
1921-04,94.69
1921-05,98.13
1921-06,90.83
1921-07,91.11
1921-08,90.55
1921-09,93.34
1921-1,95.17
1921-11,100.83
1921-12,104.95
1922-01,105.36
1922-02,108.23
1922-03,112.86
1922-04,120.30
1922-05,125.57
1922-06,124.99
1922-07,126.48
1922-08,131.85
1922-09,135.90
1922-1,139.53
1922-11,133.23
1922-12,133.57
1923-01,136.05
1923-02,142.51
1923-03,145.47
1923-04,141.05
1923-05,135.05
1923-06,130.59
1923-07,126.88
1923-08,128.20
1923-09,129.68
1923-1,128.47
1923-11,133.02
1923-12,138.23
1924-01,143.47
1924-02,144.84
1924-03,142.80
1924-04,140.25
1924-05,140.49
1924-06,143.89
1924-07,151.32
1924-08,157.27
1924-09,156.52
1924-1,155.26
1924-11,164.71
1924-12,174.38
1925-01,182.38
1925-02,184.73
1925-03,180.69
1925-04,179.60
1925-05,186.20
1925-06,190.37
1925-07,196.51
1925-08,200.03
1925-09,205.52
1925-1,213.19
1925-11,220.71
1925-12,225.21
1926-01,229.56
1926-02,230.86
1926-03,216.13
1926-04,211.05
1926-05,213.50
1926-06,224.65
1926-07,235.12
1926-08,245.46
1926-09,250.24
1926-1,245.66
1926-11,249.94
1926-12,256.72
1927-01,256.11
1927-02,262.20
1927-03,267.37
1927-04,275.07
1927-05,285.72
1927-06,290.60
1927-07,298.24
1927-08,315.32
1927-09,334.45
1927-1,330.57
1927-11,339.36
1927-12,348.59
1928-01,351.28
1928-02,348.38
1928-03,368.41
1928-04,392.97
1928-05,406.47
1928-06,387.93
1928-07,392.17
1928-08,406.27
1928-09,436.24
1928-1,446.54
1928-11,478.17
1928-12,481.51
1929-01,518.56
1929-02,522.79
1929-03,533.53
1929-04,531.94
1929-05,541.51
1929-06,553.45
1929-07,604.39
1929-08,640.41
1929-09,667.61
1929-1,598.70
1929-11,441.91
1929-12,461.25
1930-01,469.68
1930-02,500.85
1930-03,521.50
1930-04,556.38
1930-05,524.94
1930-06,473.65
1930-07,465.32
1930-08,461.15
1930-09,462.74
1930-1,400.86
1930-11,373.61
1930-12,350.49
1931-01,362.93
1931-02,392.45
1931-03,401.76
1931-04,365.26
1931-05,331.78
1931-06,322.86
1931-07,335.29
1931-08,326.93
1931-09,279.93
1931-1,244.21
1931-11,249.20
1931-12,204.07
1932-01,202.28
1932-02,202.14
1932-03,204.39
1932-04,156.86
1932-05,139.06
1932-06,121.77
1932-07,129.25
1932-08,195.56
1932-09,215.78
1932-1,187.20
1932-11,186.51
1932-12,181.53
1933-01,189.82
1933-02,168.42
1933-03,168.97
1933-04,187.96
1933-05,243.05
1933-06,285.77
1933-07,309.94
1933-08,295.54
1933-09,294.10
1933-1,266.51
1933-11,273.97
1933-12,280.32
1934-01,297.37
1934-02,320.42
1934-03,305.05
1934-04,311.21
1934-05,280.63
1934-06,285.41
1934-07,272.98
1934-08,263.39
1934-09,258.10
1934-1,261.22
1934-11,269.61
1934-12,272.47
1935-01,273.57
1935-02,266.41
1935-03,250.61
1935-04,270.49
1935-05,292.84
1935-06,305.05
1935-07,322.14
1935-08,345.02
1935-09,353.42
1935-1,364.00
1935-11,399.37
1935-12,400.57
1936-01,423.91
1936-02,449.51
1936-03,460.37
1936-04,462.33
1936-05,439.16
1936-06,459.29
1936-07,487.98
1936-08,499.24
1936-09,506.50
1936-1,534.71
1936-11,551.40
1936-12,543.77
1937-01,562.60
1937-02,581.21
1937-03,582.57
1937-04,549.89
1937-05,527.50
1937-06,509.97
1937-07,542.51
1937-08,550.24
1937-09,474.45
1937-1,407.59
1937-11,373.93
1937-12,370.15
1938-01,382.11
1938-02,375.20
1938-03,352.60
1938-04,340.42
1938-05,345.68
1938-06,355.78
1938-07,428.59
1938-08,433.05
1938-09,415.28
1938-1,463.38
1938-11,465.39
1938-12,453.37
1939-01,448.11
1939-02,446.07
1939-03,447.27
1939-04,392.53
1939-05,408.62
1939-06,417.50
1939-07,429.37
1939-08,424.82
1939-09,471.82
1939-1,478.41
1939-11,471.73
1939-12,462.49
1940-01,461.81
1940-02,460.77
1940-03,460.11
1940-04,466.66
1940-05,404.42
1940-06,371.71
1940-07,386.11
1940-08,396.37
1940-09,415.25
1940-1,421.33
1940-11,433.34
1940-12,417.79
1941-01,420.81
1941-02,396.73
1941-03,401.41
1941-04,391.20
1941-05,385.00
1941-06,400.82
1941-07,423.73
1941-08,424.06
1941-09,427.73
1941-1,413.05
1941-11,396.20
1941-12,372.91
1942-01,382.64
1942-02,373.13
1942-03,355.33
1942-04,343.03
1942-05,349.41
1942-06,369.46
1942-07,385.59
1942-08,385.72
1942-09,392.08
1942-1,423.29
1942-11,432.37
1942-12,436.90
1943-01,465.31
1943-02,495.25
1943-03,515.13
1943-04,534.64
1943-05,557.96
1943-06,570.13
1943-07,584.24
1943-08,557.73
1943-09,571.98
1943-1,569.13
1943-11,545.21
1943-12,554.87
1944-01,575.23
1944-02,573.84
1944-03,592.44
1944-04,584.71
1944-05,597.60
1944-06,628.34
1944-07,647.33
1944-08,640.51
1944-09,632.68
1944-1,650.92
1944-11,649.07
1944-12,665.95
1945-01,688.50
1945-02,714.22
1945-03,716.48
1945-04,737.27
1945-05,767.94
1945-06,784.74
1945-07,771.45
1945-08,776.92
1945-09,832.71
1945-1,870.30
1945-11,901.68
1945-12,919.94
1946-01,959.51
1946-02,965.16
1946-03,939.35
1946-04,1002.94
1946-05,1008.13
1946-06,1004.72
1946-07,979.14
1946-08,963.25
1946-09,824.34
1946-1,808.94
1946-11,808.87
1946-12,836.35
1947-01,844.06
1947-02,880.12
1947-03,847.81
1947-04,819.91
1947-05,808.80
1947-06,840.57
1947-07,896.89
1947-08,882.95
1947-09,863.87
1947-1,890.09
1947-11,883.68
1947-12,873.84
1948-01,866.30
1948-02,827.77
1948-03,843.67
1948-04,912.75
1948-05,961.40
1948-06,1005.50
1948-07,985.86
1948-08,961.36
1948-09,954.88
1948-1,985.42
1948-11,935.26
1948-12,933.88
1949-01,949.18
1949-02,917.69
1949-03,931.46
1949-04,935.38
1949-05,933.74
1949-06,887.94
1949-07,943.59
1949-08,982.98
1949-09,1001.40
1949-1,1033.05
1949-11,1053.34
1949-12,1087.67
1950-01,1116.33
1950-02,1144.55
1950-03,1160.34
1950-04,1199.69
1950-05,1246.71
1950-06,1273.75
1950-07,1188.36
1950-08,1267.48
1950-09,1319.80
1950-1,1382.39
1950-11,1387.86
1950-12,1390.83
1951-01,1502.37
1951-02,1567.20
1951-03,1549.87
1951-04,1579.80
1951-05,1589.81
1951-06,1571.69
1951-07,1608.80
1951-08,1688.60
1951-09,1741.47
1951-1,1741.74
1951-11,1702.26
1951-12,1763.54
1952-01,1831.17
1952-02,1806.80
1952-03,1820.37
1952-04,1824.13
1952-05,1832.58
1952-06,1892.11
1952-07,1955.81
1952-08,1973.03
1952-09,1951.16
1952-1,1919.64
1952-11,1989.96
1952-12,2079.60
1953-01,2100.16
1953-02,2083.92
1953-03,2103.86
1953-04,2009.78
1953-05,2029.96
1953-06,1966.89
1953-07,2004.53
1953-08,2022.55
1953-09,1939.49
1953-1,2007.76
1953-11,2062.21
1953-12,2100.16
1954-01,2163.71
1954-02,2221.66
1954-03,2279.08
1954-04,2380.47
1954-05,2485.70
1954-06,2516.05
1954-07,2628.25
1954-08,2691.22
1954-09,2765.01
1954-1,2840.13
1954-11,2962.49
1954-12,3109.40
1955-01,3176.88
1955-02,3294.62
1955-03,3280.29
1955-04,3405.24
1955-05,3402.58
1955-06,3611.70
1955-07,3887.91
1955-08,3876.40
1955-09,4063.23
1955-1,3871.30
1955-11,4144.90
1955-12,4196.23
1956-01,4096.27
1956-02,4135.39
1956-03,4433.62
1956-04,4499.54
1956-05,4372.01
1956-06,4360.73
1956-07,4611.53
1956-08,4598.51
1956-09,4456.57
1956-1,4413.81
1956-11,4382.10
1956-12,4461.10
1957-01,4377.98
1957-02,4203.02
1957-03,4271.11
1957-04,4384.03
1957-05,4566.42
1957-06,4655.66
1957-07,4763.85
1957-08,4515.96
1957-09,4347.17
1957-1,4090.92
1957-11,4017.35
1957-12,4030.21
1958-01,4124.00
1958-02,4152.89
1958-03,4253.29
1958-04,4291.31
1958-05,4443.88
1958-06,4565.31
1958-07,4705.50
1958-08,4896.28
1958-09,5040.41
1958-1,5260.18
1958-11,5435.20
1958-12,5552.79
1959-01,5789.11
1959-02,5715.93
1959-03,5876.39
1959-04,5990.24
1959-05,6096.05
1959-06,6059.15
1959-07,6315.36
1959-08,6295.31
1959-09,6062.24
1959-1,6073.01
1959-11,6113.70
1959-12,6325.49
1960-01,6231.83
1960-02,6007.24
1960-03,5942.80
1960-04,6036.98
1960-05,5999.31
1960-06,6238.60
1960-07,6101.59
1960-08,6192.55
1960-09,6024.07
1960-1,5923.23
1960-11,6132.96
1960-12,6297.98
1961-01,6639.74
1961-02,6930.13
1961-03,7165.52
1961-04,7374.68
1961-05,7467.85
1961-06,7387.19
1961-07,7385.18
1961-08,7668.76
1961-09,7627.28
1961-1,7729.91
1961-11,8098.97
1961-12,8193.36
1962-01,7907.71
1962-02,8058.77
1962-03,8086.31
1962-04,7848.24
1962-05,7284.40
1962-06,6453.11
1962-07,6628.53
1962-08,6828.98
1962-09,6788.53
1962-1,6594.79
1962-11,7069.83
1962-12,7396.89
1963-01,7703.68
1963-02,7826.66
1963-03,7818.25
1963-04,8207.62
1963-05,8394.07
1963-06,8412.42
1963-07,8309.66
1963-08,8561.57
1963-09,8809.34
1963-1,8853.61
1963-11,8826.71
1963-12,9038.20
1964-01,9339.36
1964-02,9477.74
1964-03,9674.20
1964-04,9838.16
1964-05,9958.40
1964-06,9923.65
1964-07,10316.93
1964-08,10190.69
1964-09,10391.19
1964-1,10596.12
1964-11,10695.61
1964-12,10536.42
1965-01,10833.80
1965-02,10939.61
1965-03,10976.50
1965-04,11147.68
1965-05,11341.04
1965-06,10830.07
1965-07,10841.39
1965-08,11071.25
1965-09,11469.56
1965-1,11756.15
1965-11,11882.86
1965-12,11857.93
1966-01,12092.99
1966-02,12041.15
1966-03,11576.30
1966-04,11960.92
1966-05,11362.15
1966-06,11298.76
1966-07,11301.06
1966-08,10649.27
1966-09,10306.07
1966-1,10247.82
1966-11,10792.53
1966-12,10869.71
1967-01,11318.77
1967-02,11741.07
1967-03,12050.42
1967-04,12290.52
1967-05,12543.42
1967-06,12419.01
1967-07,12666.52
1967-08,12901.14
1967-09,13114.59
1967-1,13127.36
1967-11,12749.07
1967-12,13145.78
1968-01,13143.60
1968-02,12584.19
1968-03,12388.09
1968-04,13337.39
1968-05,13678.67
1968-06,14081.08
1968-07,14088.12
1968-08,13815.82
1968-09,14300.60
1968-1,14689.32
1968-11,14951.80
1968-12,15144.13
1969-01,14540.74
1969-02,14506.17
1969-03,14228.67
1969-04,14552.38
1969-05,15063.80
1969-06,14315.05
1969-07,13713.14
1969-08,13674.32
1969-09,13760.35
1969-1,13945.66
1969-11,14084.81
1969-12,13376.74
1970-01,13297.98
1970-02,12873.01
1970-03,13132.09
1970-04,12771.30
1970-05,11341.08
1970-06,11310.51
1970-07,11369.66
1970-08,11739.87
1970-09,12482.03
1970-1,12792.56
1970-11,12818.80
1970-12,13736.20
1971-01,14300.72
1971-02,14894.23
1971-03,15315.88
1971-04,15878.52
1971-05,15702.57
1971-06,15451.93
1971-07,15380.35
1971-08,15146.97
1971-09,15523.54
1971-1,15234.15
1971-11,14568.10
1971-12,15611.61
1972-01,16302.04
1972-02,16642.26
1972-03,17078.22
1972-04,17293.22
1972-05,17159.04
1972-06,17247.60
1972-07,17160.74
1972-08,17810.09
1972-09,17594.55
1972-1,17668.31
1972-11,18596.95
1972-12,19027.14
1973-01,19215.47
1973-02,18576.63
1973-03,18326.80
1973-04,18027.69
1973-05,17564.65
1973-06,17215.38
1973-07,17423.95
1973-08,17139.23
1973-09,17481.43
1973-1,18222.33
1973-11,16974.09
1973-12,15819.46
1974-01,16088.74
1974-02,15691.17
1974-03,16409.26
1974-04,15619.17
1974-05,15196.84
1974-06,15266.61
1974-07,13534.76
1974-08,13025.63
1974-09,11721.73
1974-1,12000.39
1974-11,12449.67
1974-12,11691.30
1975-01,12700.93
1975-02,14073.92
1975-03,14774.25
1975-04,14994.15
1975-05,16000.84
1975-06,16464.21
1975-07,16535.33
1975-08,15378.48
1975-09,15247.35
1975-1,16005.18
1975-11,16331.81
1975-12,16139.00
1976-01,17679.57
1976-02,18418.29
1976-03,18566.14
1976-04,18769.88
1976-05,18698.29
1976-06,18867.05
1976-07,19370.38
1976-08,19262.25
1976-09,19732.31
1976-1,19120.03
1976-11,19050.97
1976-12,19773.38
1977-01,19667.88
1977-02,19202.76
1977-03,19193.10
1977-04,18964.90
1977-05,18978.04
1977-06,19149.70
1977-07,19396.03
1977-08,18993.62
1977-09,18771.13
1977-1,18359.49
1977-11,18540.55
1977-12,18526.62
1978-01,17899.21
1978-02,17725.95
1978-03,17773.76
1978-04,18632.85
1978-05,19659.07
1978-06,19792.10
1978-07,19780.39
1978-08,21230.55
1978-09,21316.03
1978-1,20725.12
1978-11,19598.44
1978-12,19975.57
1979-01,20812.36
1979-02,20593.14
1979-03,21076.02
1979-04,21589.17
1979-05,21181.31
1979-06,21694.22
1979-07,22003.47
1979-08,23107.81
1979-09,23464.79
1979-1,22678.97
1979-11,22606.69
1979-12,23603.13
1980-01,24385.89
1980-02,25458.77
1980-03,23224.97
1980-04,22955.94
1980-05,24112.90
1980-06,25768.57
1980-07,27049.94
1980-08,27998.77
1980-09,28793.58
1980-1,29751.47
1980-11,31124.98
1980-12,30738.11
1981-01,30741.95
1981-02,29798.89
1981-03,31034.32
1981-04,31436.55
1981-05,30928.85
1981-06,31194.81
1981-07,30566.70
1981-08,30812.87
1981-09,28255.44
1981-1,28744.21
1981-11,29619.84
1981-12,29969.90
1982-01,28530.71
1982-02,27985.27
1982-03,27217.82
1982-04,28707.06
1982-05,28871.21
1982-06,27350.13
1982-07,27417.10
1982-08,27635.07
1982-09,30978.19
1982-1,33729.63
1982-11,35247.57
1982-12,35725.50
1983-01,37128.28
1983-02,37919.40
1983-03,39385.50
1983-04,41038.88
1983-05,42854.66
1983-06,43606.34
1983-07,43915.57
1983-08,42858.88
1983-09,44279.59
1983-1,44567.15
1983-11,44059.11
1983-12,44003.33
1984-01,44697.46
1984-02,42413.12
1984-03,42601.41
1984-04,42818.46
1984-05,42711.30
1984-06,41922.85
1984-07,41542.53
1984-08,45367.70
1984-09,46006.55
1984-1,45817.97
1984-11,46408.31
1984-12,46081.10
1985-01,48246.81
1985-02,51040.04
1985-03,50796.92
1985-04,51318.07
1985-05,52722.58
1985-06,54047.06
1985-07,55262.41
1985-08,54243.45
1985-09,53221.76
1985-1,54018.21
1985-11,57486.94
1985-12,60531.08
1986-01,60987.08
1986-02,64462.64
1986-03,68449.20
1986-04,70326.34
1986-05,70672.88
1986-06,72887.89
1986-07,71574.13
1986-08,73207.71
1986-09,71410.63
1986-1,71346.87
1986-11,73867.94
1986-12,75130.71
1987-01,80144.97
1987-02,85324.34
1987-03,89058.99
1987-04,88297.80
1987-05,88451.93
1987-06,92432.42
1987-07,95319.45
1987-08,101472.57
1987-09,98398.72
1987-1,86735.93
1987-11,76065.74
1987-12,75051.79
1988-01,78240.11
1988-02,80845.59
1988-03,83459.79
1988-04,82722.76
1988-05,80915.01
1988-06,85770.92
1988-07,85509.69
1988-08,84042.25
1988-09,85663.92
1988-1,88922.93
1988-11,87128.88
1988-12,89158.40
1989-01,92291.93
1989-02,95339.67
1989-03,95188.61
1989-04,98583.97
1989-05,102643.90
1989-06,106131.03
1989-07,109104.34
1989-08,114225.54
1989-09,114750.91
1989-1,115081.23
1989-11,112997.67
1989-12,116093.87
1990-01,113528.99
1990-02,110662.41
1990-03,113660.74
1990-04,113886.76
1990-05,118275.73
1990-06,122028.02
1990-07,122237.01
1990-08,112629.28
1990-09,107741.30
1990-1,105249.02
1990-11,108391.93
1990-12,113365.63
1991-01,112589.36
1991-02,125657.55
1991-03,129483.25
1991-04,132408.63
1991-05,132172.07
1991-06,132631.01
1991-07,133667.45
1991-08,137249.58
1991-09,136834.85
1991-1,137082.62
1991-11,137103.48
1991-12,138384.80
1992-01,148568.38
1992-02,147676.90
1992-03,146183.05
1992-04,146569.41
1992-05,149600.98
1992-06,147612.60
1992-07,150435.85
1992-08,151853.24
1992-09,152428.54
1992-1,150626.35
1992-11,154778.87
1992-12,159842.20
1993-01,160071.31
1993-02,162832.36
1993-03,166334.53
1993-04,164103.15
1993-05,165292.86
1993-06,166723.36
1993-07,166825.07
1993-08,169765.30
1993-09,172065.57
1993-1,174203.09
1993-11,174216.86
1993-12,175763.11
1994-01,178815.50
1994-02,178681.51
1994-03,176138.77
1994-04,170245.88
1994-05,172048.87
1994-06,173956.70
1994-07,173055.04
1994-08,178389.69
1994-09,179848.61
1994-1,179053.06
1994-11,178393.45
1994-12,176566.03
1995-01,180894.29
1995-02,187802.81
1995-03,192606.80
1995-04,198802.56
1995-05,205460.06
1995-06,211992.19
1995-07,219515.19
1995-08,220643.88
1995-09,228848.98
1995-1,230939.69
1995-11,236388.44
1995-12,244402.29
1996-01,244803.06
1996-02,259260.63
1996-03,258743.74
1996-04,259255.46
1996-05,265362.37
1996-06,268757.17
1996-07,259418.01
1996-08,267401.43
1996-09,272817.27
1996-1,284058.67
1996-11,298412.25
1996-12,301990.61
1997-01,311829.88
1997-02,325431.10
1997-03,323403.24
1997-04,312391.70
1997-05,341188.58
1997-06,359398.35
1997-07,380015.11
1997-08,381338.69
1997-09,385886.23
1997-1,392237.45
1997-11,387720.65
1997-12,397937.55
1998-01,398882.74
1998-02,424421.57
1998-03,446971.93
1998-04,462198.15
1998-05,461176.19
1998-06,461716.73
1998-07,482347.00
1998-08,448724.88
1998-09,426746.28
1998-1,432255.90
1998-11,479693.90
1998-12,499381.62
1999-01,524591.76
1999-02,524244.72
1999-03,539573.99
1999-04,562506.00
1999-05,561950.07
1999-06,558512.24
1999-07,583772.56
1999-08,561740.96
1999-09,558383.89
1999-1,551279.20
1999-11,590453.41
1999-12,607038.25
2000-01,606317.11
2000-02,591292.93
2000-03,614596.34
2000-04,623351.57
2000-05,605655.19
2000-06,624814.26
2000-07,630123.17
2000-08,636040.35
2000-09,629169.17
2000-1,596361.89
2000-11,591753.66
2000-12,572106.05
2001-01,574705.59
2001-02,562424.81
2001-03,511353.60
2001-04,513644.65
2001-05,548976.62
2001-06,535860.12
2001-07,521605.62
2001-08,510935.01
2001-09,453469.09
2001-1,467907.69
2001-11,491551.75
2001-12,498758.14
2002-01,497273.27
2002-02,480600.73
2002-03,504367.61
2002-04,486645.72
2002-05,472924.27
2002-06,444926.39
2002-07,397056.07
2002-08,401574.78
2002-09,382466.00
2002-1,377240.83
2002-11,402238.52
2002-12,398078.42
2003-01,397194.47
2003-02,371716.94
2003-03,376580.47
2003-04,396485.37
2003-05,417546.89
2003-06,441363.92
2003-07,443999.22
2003-08,443265.96
2003-09,457283.63
2003-1,466566.53
2003-11,472224.70
2003-12,486702.76
2004-01,510729.24
2004-02,516287.03
2004-03,508214.02
2004-04,513141.52
2004-05,499990.56
2004-06,514285.98
2004-07,502779.32
2004-08,495809.97
2004-09,509613.58
2004-1,510139.97
2004-11,534497.07
2004-12,549078.76
2005-01,541680.52
2005-02,550797.35
2005-03,549399.65
2005-04,536174.00
2005-05,543345.54
2005-06,555203.23
2005-07,565247.07
2005-08,567006.38
2005-09,568599.19
2005-1,553687.56
2005-11,575631.81
2005-12,587983.80
2006-01,596615.42
2006-02,596523.40
2006-03,605395.83
2006-04,610237.47
2006-05,605445.72
2006-06,589072.21
2006-07,593322.39
2006-08,606928.54
2006-09,622299.60
2006-1,644811.65
2006-11,657728.72
2006-12,671868.74
2007-01,676531.66
2007-02,687337.48
2007-03,670341.56
2007-04,698372.58
2007-05,722068.67
2007-06,724568.12
2007-07,728742.40
2007-08,698137.92
2007-09,719614.67
2007-1,741152.92
2007-11,705540.84
2007-12,714287.04
2008-01,666900.33
2008-02,656477.89
2008-03,639242.28
2008-04,666375.99
2008-05,683458.11
2008-06,654440.04
2008-07,614661.99
2008-08,627636.55
2008-09,597213.54
2008-1,476608.45
2008-11,435588.35
2008-12,434052.18
2009-01,429281.37
2009-02,400493.19
2009-03,377699.78
2009-04,424215.86
2009-05,452444.68
2009-06,465401.43
2009-07,471324.01
2009-08,509575.39
2009-09,528152.94
2009-1,540824.10
2009-11,552129.76
2009-12,564398.38
2010-01,572049.88
2010-02,555461.95
2010-03,588466.03
2010-04,612524.10
2010-05,576494.99
2010-06,556068.51
2010-07,555188.38
2010-08,559987.48
2010-09,578869.96
2010-1,605372.81
2010-11,620457.58
2010-12,643505.20
2011-01,665794.67
2011-02,686783.05
2011-03,679152.96
2011-04,694249.99
2011-05,698839.91
2011-06,673257.40
2011-07,694152.27
2011-08,621968.16
2011-09,617071.56
2011-1,635718.62
2011-11,646970.83
2011-12,657047.93
2012-01,688485.13
2012-02,717157.60
2012-03,737852.81
2012-04,737585.19
2012-05,714801.12
2012-06,706578.03
2012-07,727236.62
2012-08,751892.09
2012-09,774626.90
2012-1,772969.66
2012-11,751061.48
2012-12,767425.92
2013-01,800198.39
2013-02,818880.11
2013-03,841186.68
2013-04,853433.26
2013-05,892489.11
2013-06,882530.62
2013-07,911269.49
2013-08,913587.85
2013-09,924499.25
2013-1,944084.97
2013-11,980535.59
2013-12,995465.03
2014-01,1005118.19
2014-02,1003830.17
2014-03,1031176.16
2014-04,1033273.96
2014-05,1049121.79
2014-06,1082672.79
2014-07,1098884.79
2014-08,1094210.26
2014-09,1113682.89
2014-1,1084223.09
2014-11,1146099.85
2014-12,1153379.63
2015-01,1140597.96
2015-02,1172868.61
2015-03,1173539.38
2015-04,1183862.44
2015-05,1195465.92
2015-06,1190274.28
2015-07,1189338.59
2015-08,1160516.45
2015-09,1108223.03
2015-1,1156080.27
2015-11,1189995.94
2015-12,1176884.62
2016-01,1101340.88
2016-02,1095292.32
2016-03,1164990.61
2016-04,1197983.81
2016-05,1194346.86
2016-06,1207093.77
2016-07,1246906.12
2016-08,1261868.92
2016-09,1256342.67
2016-1,1249996.65
2016-11,1265021.97
2016-12,1314950.16
2017-01,1333865.39
2017-02,1368242.78
2017-03,1392187.95
2017-04,1390057.65
2017-05,1413596.36
2017-06,1438721.65
2017-07,1452950.15
2017-08,1456566.26
2017-09,1480662.79
2017-1,1521168.48
2017-11,1545361.06
2017-12,1589933.91
2018-01,1667252.62
2018-02,1619142.02
2018-03,1620205.43
2018-04,1593262.15
2018-05,1624532.43
2018-06,1658874.84
2018-07,1685119.96
2018-08,1726441.58
2018-09,1755464.10
2018-1,1687920.23
2018-11,1652900.91
2018-12,1560981.87
2019-01,1588094.94
2019-02,1680683.58
2019-03,1713443.83
2019-04,1777258.41
2019-05,1750053.90
2019-06,1774657.14
2019-07,1842598.86
2019-08,1784863.70
2019-09,1839950.36
2019-1,1840148.21
2019-11,1921752.22
2019-12,1969223.97
2020-01,2035145.12
2020-02,2037652.68
2020-03,1652198.63
2020-04,1723552.43
2020-05,1825025.98
2020-06,1943805.36
2020-07,2011366.06
2020-08,2129891.56
2020-09,2116522.60
2020-1,2153043.83
2020-11,2238167.70
2020-12,2333505.44
2021-01,2398722.59
2021-02,2458476.12
2021-03,2478657.65
2021-04,2627913.75
2021-05,2647896.06
2021-06,2695838.27
2021-07,2778576.56
2021-08,2839317.53
2021-09,2836942.95
2021-1,2849791.18
2021-11,2985026.75
2021-12,2992969.42
2022-01,2931583.07
2022-02,2846519.83
2022-03,2821140.30
2022-04,2824514.34
2022-05,2602184.57
2022-06,2514543.63
2022-07,2526251.61
2022-08,2689152.29
2022-09,2493475.13
2022-1,2416426.26
2022-11,2544165.52
2022-12,2544470.13
2023-01,2579516.96
2023-02,2660716.96
2023-03,2591949.44
2023-04,2695538.54
2023-05,2715432.49
2023-06,2849643.33
2023-07,2960107.68
2023-08,2930587.56
2023-09,2902653.16
2023-1,2814508.63
2023-11,2944042.68
2023-12,3096422.32
2024-01,3186594.65
2024-02,3320418.00
2024-03,3429407.69
2024-04,3394821.78
2024-05,3480280.93
2024-06,3603872.48
2024-07,3685640.68
2024-08,3645849.36
2024-09,3673704.92
